[
    {
        "id": 1,
        "name": "Cappuccino",
        "para":"Lorem ipsum dolor sit amet consectetur, adipisicing elit. Tenetur, sed.",
        "price": 300.00 ,
        "image": "pictures/menu-1.png"
    },
    {
        "id": 2,
        "name": "Espresso",
        "para":"Lorem, ipsum dolor sit amet consectetur adipisicing elit. Vel, fugit",
        "price": 480 ,
        "image": "pictures/menu-2.png"
    },
    {
        "id": 3,
        "name": "Mocha",
        "para":"Lorem ipsum dolor sit amet consectetur adipisicing elit. Voluptatibus, recusandae",
        "price": 500,
        "image": "pictures/menu-3.png"
    }
    ,
    {
        "id": 4,
        "name": "Americano",
        "para":"Lorem ipsum dolor sit amet, consectetur adipisicing elit. Esse, quas.",
        "price": 440,
        "image": "pictures/menu-4.png"
    },
    {
        "id": 5,
        "name": "Cold brew",
        "para":"Lorem ipsum dolor sit amet consectetur adipisicing elit. Officia, vitae",
        "price": 400,
        "image": "pictures/menu-5.png"
    },
    {
        "id": 6,
        "name": "Flat white",
        "para":"Lorem ipsum dolor, sit amet consectetur adipisicing elit. Unde, expedita!",
        "price": 120,
        "image": "pictures/menu-6.png"
    }
]




